name,email,phone number,gender,address
Lula Hunt,ibiju@pidahu.sh,01782449977,Male,951 Lusuce Court
Allen Norris,jut@ude.hn,+8801782449977,Female,87 Lonij Ridge
Troy Allen,wo@ok.vi,+8801782449977,Female,614 Joba Square
Austin Lane,cov@rufsuod.cv,+8801782449977,Male,425 Gocow Pike
Rose Gutierrez,fevmi@ja.gw,+8801782449977,Female,1362 Cazwid Point
Betty Wade,kara@elricnu.de,+8801782449977,Female,730 Jumah Grove
Nettie Moss,judafrus@rupzana.sd,+8801782449977,Female,22 Uwupun Square
Melvin Wade,cikustiz@kurod.bt,+8801782449977,Male,504 Papren River
Cole Park,adteva@seja.br,+8801782449977,Male,1679 Meze Junction
Minnie Taylor,ci@fab.ly,+8801782449977,Female,1978 Sowij Pass
Della McKenzie,poom@da.sg,+8801782449977,Male,524 Cipev Road
Norman Houston,up@cor.eu,+8801782449977,Female,1863 Sizu Street
Landon Reese,ecifur@wab.ki,+8801782449977,Female,1707 Vevob Avenue
Miguel Curry,segi@aru.iq,+8801782449977,Male,543 Bivi Turnpike
Danny Warner,jorwude@uzubu.mo,+8801782449977,Female,1425 Odmi Manor
Daisy Copeland,bamwo@cutowo.pg,+8801782449975,Female,722 Dunir Key
Catherine Lloyd,satluh@sep.gp,+8801782449977,Male,779 Gizada Pass
Sophie Andrews,hufu@nodizumut.gw,+8801782449977,Female,1437 Dehad Trail
Katharine Spencer,ek@horegaop.in,+8801782449977,Female,431 Zoca Ridge
Logan Gray,am@mi.ca,+8801782449977,Female,1461 Jonihu Turnpike
Edward Cunningham,mirup@nub.bw,+8801782449977,Male,1838 Turbej Road
Sally Banks,fuuwaaj@zu.mm,+8801782449977,Male,19 Duvo Manor
Inez Flores,riiz@ko.an,+8801782449977,Male,1118 Heeg Manor
Richard Greene,net@noveb.gp,+8801782449977,Female,126 Nifom Heights
Elva Diaz,ifuunuoma@kenef.in,+8801782449977,Male,412 Dupbic Road
Cecelia Farmer,ho@guv.td,+8801782449977,Female,1686 Ruizu Highway
Annie Harrison,en@riogauw.gq,+8801782449977,Male,1127 Ebjic Grove
Nathaniel Munoz,sof@rofwucmo.uk,+8801782449977,Female,47 Ososi Way
Lura Casey,ve@ettufjo.pg,+8801782449977,Male,1213 Curda Parkway
Noah Logan,agabifu@jicovauci.ly,+8801782449977,Female,1278 Lehsi Park
Sally Phelps,lazufiel@zu.az,+8801782449977,Male,1480 Madhu Junction
Anthony Owens,nahluz@ev.ug,+8801782449977,Female,617 Zire River
Ryan Jensen,gupdelgut@ci.ly,+8801782449977,Female,1255 Otor Place
Frederick Baker,bejac@puj.tj,+8801782449977,Female,210 Afimil Manor
Travis Fletcher,uguisobi@kigco.pk,+8801782449977,Female,1238 Zalpe Point
Stanley Diaz,ceeka@modol.pr,+8801782449977,Male,938 Heme Avenue
Clara Benson,hilca@mako.bb,+8801782449977,Female,673 Vuvvar Lane
Willie Henderson,fevdaruzo@ci.tp,+8801782449977,Male,1101 Cuwgog River
Eula Harris,koiji@hucar.py,+8801782449977,Female,1734 Kuksit Way
Lou Miller,elwineb@ahupo.mm,+8801782449977,Female,1685 Owajil Plaza
Terry Bryan,ivu@sunonihu.fk,+8801782449977,Female,299 Zakfe Center
Norman Dixon,jotelu@bukoud.tj,+8801782449977,Female,147 Zucnep Turnpike
Eugene Nelson,fanoluti@dasairi.br,+8801782449977,Female,896 Ugiiz Park
Luis Maxwell,zud@kolivi.ck,+8801782449977,Female,166 Unumi Turnpike
Leo Jenkins,mo@tu.mz,+8801782449977,Female,1431 Unowo Street
Troy Moreno,hadme@ibsut.sx,+8801782449977,Female,1938 Deit Loop
Stella Lucas,dulagke@hez.th,+8801782449977,Female,333 Zamapo Road
Florence Sanchez,jerepdog@kuw.sh,+8801782449977,Male,1954 Wimcu Way
Gavin Valdez,pigitag@jehapvi.bz,+8801782449977,Male,1588 Voka Boulevard
Alan Baker,he@lezajcap.aw,+8801782449977,Female,1500 Boop Pass
Charles Richardson,ku@wolovic.ir,+8801782449977,Male,449 Kivuw Manor
Sadie Owens,matkej@pa.tl,+8801782449977,Male,825 Feuv Junction
Lois Wilkins,lortu@kuffe.om,+8801782449977,Male,481 Abagiw River
Hannah Ramsey,igi@tig.com,+8801782449977,Male,288 Ekwub River
Ethan Jefferson,tew@cizino.tf,+8801782449977,Female,295 Muwwan Lane
Wayne Hicks,he@ma.jo,+8801782449977,Female,1402 Rubi Street
Vera Stanley,naow@cavme.at,+8801782449977,Male,70 Hezne Key
Travis Beck,jaegbid@iwuka.vc,+8801782449977,Female,1389 Jimo Circle
Harriet Briggs,uwajo@not.fr,+8801782449977,Male,112 Ehuno Mill
Edwin Joseph,ade@oc.co,+8801782449977,Male,949 Ruim Circle
Wesley Nichols,mueh@jucu.ni,+8801782449977,Male,499 Olowaj Point
Estella Carter,agson@va.eg,+8801782449977,Male,1280 Togis Pass
Bernard Alexander,mer@zim.sy,+8801782449977,Male,634 Fuosi Drive
Verna Alvarado,lukhuppu@sin.hr,+8801782449977,Male,1854 Piag Court
Ina Butler,usemalzu@he.sa,+8801782449977,Male,954 Dafod View
Troy Collins,mufve@vuvpotta.pk,+8801782449977,Male,1669 Cober Center
Gary Walker,wuje@kepusa.ca,+8801782449977,Female,1958 Epsow Terrace
Warren Greene,vowi@ramzuf.sk,+8801782449977,Male,1878 Duvma Road
Carl Stevens,ojo@kadzusuka.mz,+8801782449977,Male,1854 Uzuteh Boulevard
Estelle Bush,ejisepjo@dot.tg,+8801782449977,Female,1513 Usegaj Street
Elmer Cortez,wa@dalewe.kz,+8801782449977,Female,1118 Zabe Highway
Owen Hansen,fej@vu.fj,+8801782449977,Female,815 Geupe Avenue
Don Moore,kud@calej.sz,+8801782449977,Female,1540 Tifhi Pass
Mittie Owen,mikkugiz@ges.mx,+8801782449977,Male,824 Fehi Center
Sue Alvarez,josanedi@gepzef.kw,+8801782449977,Female,1491 Zinfag Path
Chase Brock,hawgamu@sufgap.kr,+8801782449977,Female,101 Emujij Pass
Winifred Duncan,hozonod@comvokror.gn,+8801782449977,Female,1623 Tasu Parkway
Mike Vargas,rebkuzdid@rajoh.mp,+8801782449977,Male,133 Kiwi Center
Luella Moran,dujdauj@wibjicuf.kz,+8801782449977,Male,1587 Cihlan Street
Chad Wheeler,zebuzuw@vowatelo.ws,+8801782449977,Male,1688 Bezir Highway
Floyd Taylor,kubaf@lase.ma,+8801782449977,Female,559 Ligu Point
Martha Burke,pemowij@uta.sx,+8801782449977,Female,1902 Pohkim Parkway
Leona Jefferson,cagoj@derfa.ne,+8801782449977,Male,1397 Galan Pass
Louise Caldwell,jagsarji@ibpik.dj,+8801782449977,Female,1115 Pijki Mill
Vincent Schmidt,enaaba@herhu.nl,+8801782449977,Male,495 Zabub Manor
Bess Miles,kana@uh.lu,+8801782449977,Female,1108 Sohful Ridge
Mary Garner,fanu@car.pr,+8801782449977,Male,1578 Sihwac Pike
Jeffrey Simmons,joetu@rificgo.er,+8801782449977,Male,1535 Vohaj Terrace
Ora Price,tenaregir@kunif.ch,+8801782449977,Female,1020 Pumur Square
Tommy Tyler,du@buca.fj,+8801782449977,Female,354 Alnar Court
Lura McDaniel,vumo@ohokiw.ml,+8801782449977,Female,1600 Hiwpe Terrace
Marvin Wong,pufage@tobnuggu.sy,+8801782449977,Female,1063 Zasi Key
Myrtle Carlson,vu@woor.ls,+8801782449977,Female,326 Jimked Pike
Leila Underwood,eno@huka.gf,+8801782449977,Female,166 Sigtu Way
Amelia Carlson,wocgu@gudomo.net,+8801782449977,Female,2000 Winmef Parkway
Edna Webster,nop@uluipbu.ax,+8801782449977,Female,1833 Geon Path
Janie Houston,ji@datzonloj.cr,+8801782449977,Male,1122 Pucboj Heights
Ann Allison,dafa@tioba.aq,+8801782449977,Female,1621 Awozi Terrace
Virginia Owens,ukmo@ubudgip.ph,+8801782449977,Male,1472 Nispa Heights
Christopher Bradley,wa@piljob.us,+8801782449977,Male,1286 Nuvep Ridge
Lula Hunt,ibiju@pidahu.sh,+8801782449977,Male,951 Lusuce Court
Allen Norris,jut@ude.hn,+8801782449977,Female,87 Lonij Ridge
Troy Allen,wo@ok.vi,+8801782449977,Female,614 Joba Square
Austin Lane,cov@rufsuod.cv,+8801782449977,Male,425 Gocow Pike
Rose Gutierrez,fevmi@ja.gw,+8801782449977,Female,1362 Cazwid Point
Betty Wade,kara@elricnu.de,01886041111,Female,730 Jumah Grove